Unnamed: 0,ID,Fwy,Dir,District,Latitude,Longitude,source
0,716939,5,S,7,34.041407,-118.218373,PeMSD7(M) 228 station list
1,759700,5,S,7,34.020961,-118.195456,PeMSD7(M) 228 station list
2,716925,5,N,7,33.995023,-118.144513,PeMSD7(M) 228 station list
3,715930,5,N,7,33.971763,-118.122905,PeMSD7(M) 228 station list
4,715938,5,N,7,34.002541,-118.150997,PeMSD7(M) 228 station list
5,716908,5,S,7,33.911074,-118.071686,PeMSD7(M) 228 station list
6,716912,5,S,7,33.920763,-118.082501,PeMSD7(M) 228 station list
7,759707,5,S,7,34.025109,-118.20517,PeMSD7(M) 228 station list
8,716930,5,S,7,34.013529,-118.166192,PeMSD7(M) 228 station list
9,764232,5,N,7,33.939747,-118.095531,PeMSD7(M) 228 station list
10,716918,5,S,7,33.958225,-118.11239,PeMSD7(M) 228 station list
11,716934,5,S,7,34.019879,-118.181588,PeMSD7(M) 228 station list
12,763980,5,S,7,33.992211,-118.142079,PeMSD7(M) 228 station list
13,715898,5,S,7,33.880183,-118.021787,PeMSD7(M) 228 station list
14,759542,5,N,7,33.95891,-118.113036,PeMSD7(M) 228 station list
15,715947,5,S,7,34.015325,-118.17127,PeMSD7(M) 228 station list
16,762685,605,S,7,34.01717,-118.05398,PeMSD7(M) 228 station list
17,716819,605,N,7,34.009316,-118.057906,PeMSD7(M) 228 station list
18,717864,605,N,7,33.909354,-118.104924,PeMSD7(M) 228 station list
19,717940,605,N,7,34.028108,-118.035925,PeMSD7(M) 228 station list
20,716800,605,N,7,33.958124,-118.087014,PeMSD7(M) 228 station list
21,717912,605,S,7,33.994073,-118.069196,PeMSD7(M) 228 station list
22,717865,605,S,7,33.894293,-118.104912,PeMSD7(M) 228 station list
23,762678,605,S,7,33.985594,-118.072012,PeMSD7(M) 228 station list
24,766851,605,N,7,33.902407,-118.105114,PeMSD7(M) 228 station list
25,763464,605,N,7,33.903565,-118.10513,PeMSD7(M) 228 station list
26,717859,605,S,7,33.886248,-118.104435,PeMSD7(M) 228 station list
27,717938,605,N,7,34.026653,-118.038537,PeMSD7(M) 228 station list
28,717907,605,S,7,33.992205,-118.069649,PeMSD7(M) 228 station list
29,717885,605,S,7,33.958207,-118.087265,PeMSD7(M) 228 station list
30,717884,605,S,7,33.950974,-118.091381,PeMSD7(M) 228 station list
31,717879,605,N,7,33.942882,-118.09562,PeMSD7(M) 228 station list
32,717882,605,N,7,33.951332,-118.090846,PeMSD7(M) 228 station list
33,737152,605,S,7,33.917606,-118.104793,PeMSD7(M) 228 station list
34,769513,605,N,7,33.936927,-118.098751,PeMSD7(M) 228 station list
35,717892,605,N,7,33.966404,-118.083604,PeMSD7(M) 228 station list
36,717896,605,S,7,33.974742,-118.079877,PeMSD7(M) 228 station list
37,717876,605,N,7,33.926206,-118.1036,PeMSD7(M) 228 station list
38,716829,605,N,7,34.030914,-118.031047,PeMSD7(M) 228 station list
39,717875,605,N,7,33.926206,-118.1036,PeMSD7(M) 228 station list
40,717933,605,S,7,34.026807,-118.038666,PeMSD7(M) 228 station list
41,716788,605,N,7,33.903565,-118.10513,PeMSD7(M) 228 station list
42,717833,605,S,7,33.830177,-118.08363,PeMSD7(M) 228 station list
43,762637,605,N,7,34.028108,-118.035925,PeMSD7(M) 228 station list
44,717929,605,N,7,34.018698,-118.051437,PeMSD7(M) 228 station list
45,717925,605,S,7,34.01717,-118.05398,PeMSD7(M) 228 station list
46,717881,605,N,7,33.951332,-118.090846,PeMSD7(M) 228 station list
47,717871,605,S,7,33.902261,-118.105349,PeMSD7(M) 228 station list
48,717867,605,S,7,33.900526,-118.105238,PeMSD7(M) 228 station list
49,717844,605,N,7,33.84679,-118.092752,PeMSD7(M) 228 station list
50,762679,605,N,7,33.9855,-118.071807,PeMSD7(M) 228 station list
51,760130,105,E,7,33.928424,-118.29444,PeMSD7(M) 228 station list
52,760166,105,E,7,33.928407,-118.277789,PeMSD7(M) 228 station list
53,760100,105,E,7,33.924855,-118.32862,PeMSD7(M) 228 station list
54,760289,105,E,7,33.912001,-118.157276,PeMSD7(M) 228 station list
55,773656,105,E,7,33.933059,-118.356686,PeMSD7(M) 228 station list
56,760112,105,E,7,33.925162,-118.323479,PeMSD7(M) 228 station list
57,716453,105,E,7,33.911105,-118.174619,PeMSD7(M) 228 station list
58,760226,105,E,7,33.923785,-118.207757,PeMSD7(M) 228 station list
59,765476,105,E,7,33.928419,-118.277962,PeMSD7(M) 228 station list
60,760167,105,E,7,33.928407,-118.277789,PeMSD7(M) 228 station list
61,760178,105,E,7,33.927289,-118.263121,PeMSD7(M) 228 station list
62,760442,105,W,7,33.925127,-118.330354,PeMSD7(M) 228 station list
63,716470,105,E,7,33.913689,-118.113948,PeMSD7(M) 228 station list
64,760139,105,E,7,33.927891,-118.273645,PeMSD7(M) 228 station list
65,760572,105,W,7,33.924777,-118.209134,PeMSD7(M) 228 station list
66,716459,105,W,7,33.912441,-118.155588,PeMSD7(M) 228 station list
67,760369,105,W,7,33.91352,-118.122596,PeMSD7(M) 228 station list
68,763716,105,W,7,33.929386,-118.220032,PeMSD7(M) 228 station list
69,760375,105,W,7,33.913234,-118.12779,PeMSD7(M) 228 station list
70,760110,105,E,7,33.925162,-118.323479,PeMSD7(M) 228 station list
71,760074,105,E,7,33.933294,-118.351898,PeMSD7(M) 228 station list
72,760490,105,W,7,33.928915,-118.285761,PeMSD7(M) 228 station list
73,767838,105,E,7,33.931513,-118.361927,PeMSD7(M) 228 station list
74,768914,91,E,7,33.876234,-118.104961,PeMSD7(M) 228 station list
75,717435,91,W,7,33.876583,-118.075397,PeMSD7(M) 228 station list
76,717439,91,E,7,33.876366,-118.070702,PeMSD7(M) 228 station list
77,717393,91,E,7,33.876009,-118.191574,PeMSD7(M) 228 station list
78,759990,91,W,7,33.876119,-118.065686,PeMSD7(M) 228 station list
79,768229,91,E,7,33.87249,-118.059386,PeMSD7(M) 228 station list
80,717434,91,E,7,33.876324,-118.080425,PeMSD7(M) 228 station list
81,717402,91,E,7,33.875898,-118.166089,PeMSD7(M) 228 station list
82,766555,91,W,7,33.873627,-118.060623,PeMSD7(M) 228 station list
83,717416,91,W,7,33.877201,-118.142032,PeMSD7(M) 228 station list
84,717383,91,E,7,33.873494,-118.219285,PeMSD7(M) 228 station list
85,773381,91,E,7,33.873543,-118.197523,PeMSD7(M) 228 station list
86,716272,91,E,7,33.872586,-118.289005,PeMSD7(M) 228 station list
87,717404,91,W,7,33.876117,-118.161745,PeMSD7(M) 228 station list
88,768228,91,W,7,33.872702,-118.059283,PeMSD7(M) 228 station list
89,716273,91,E,7,33.872636,-118.2812,PeMSD7(M) 228 station list
90,717424,91,W,7,33.87621,-118.126705,PeMSD7(M) 228 station list
91,717433,91,W,7,33.87657,-118.080438,PeMSD7(M) 228 station list
92,717376,91,E,7,33.873496,-118.251545,PeMSD7(M) 228 station list
93,717436,91,E,7,33.876358,-118.074686,PeMSD7(M) 228 station list
94,717367,91,E,7,33.872471,-118.27074,PeMSD7(M) 228 station list
95,716296,91,E,7,33.876767,-118.177981,PeMSD7(M) 228 station list
96,717390,91,E,7,33.872655,-118.203751,PeMSD7(M) 228 station list
97,759989,91,W,7,33.876583,-118.075397,PeMSD7(M) 228 station list
98,759992,91,E,7,33.86603,-118.049777,PeMSD7(M) 228 station list
99,759967,91,E,7,33.875898,-118.166089,PeMSD7(M) 228 station list
100,717410,91,W,7,33.877126,-118.153353,PeMSD7(M) 228 station list
101,759975,91,E,7,33.876324,-118.080425,PeMSD7(M) 228 station list
102,768898,91,E,7,33.876002,-118.126736,PeMSD7(M) 228 station list
103,773365,91,W,7,33.862383,-118.04237,PeMSD7(M) 228 station list
104,717426,91,E,7,33.87605,-118.122915,PeMSD7(M) 228 station list
105,773363,91,E,7,33.862202,-118.042466,PeMSD7(M) 228 station list
106,717440,91,W,7,33.876119,-118.065686,PeMSD7(M) 228 station list
107,765467,91,E,7,33.876929,-118.149691,PeMSD7(M) 228 station list
108,717045,10,W,7,34.037067,-118.286318,PeMSD7(M) 228 station list
109,718419,10,E,7,34.037793,-118.272782,PeMSD7(M) 228 station list
110,718410,10,E,7,34.031541,-118.430583,PeMSD7(M) 228 station list
111,764050,10,W,7,34.022411,-118.475871,PeMSD7(M) 228 station list
112,717032,10,E,7,34.035074,-118.33108,PeMSD7(M) 228 station list
113,737237,10,E,7,34.02328,-118.473469,PeMSD7(M) 228 station list
114,716057,10,E,7,34.036953,-118.313131,PeMSD7(M) 228 station list
115,763458,10,E,7,34.023654,-118.243938,PeMSD7(M) 228 station list
116,763963,10,E,7,34.033989,-118.353882,PeMSD7(M) 228 station list
117,717019,10,W,7,34.03577,-118.371368,PeMSD7(M) 228 station list
118,763346,10,E,7,34.03681,-118.315379,PeMSD7(M) 228 station list
119,763341,10,W,7,34.029722,-118.403033,PeMSD7(M) 228 station list
120,763453,10,E,7,34.031145,-118.260012,PeMSD7(M) 228 station list
121,768584,10,E,7,34.029698,-118.392981,PeMSD7(M) 228 station list
122,717011,10,E,7,34.031182,-118.390169,PeMSD7(M) 228 station list
123,737158,10,E,7,34.026415,-118.234825,PeMSD7(M) 228 station list
124,716063,10,W,7,34.037129,-118.296691,PeMSD7(M) 228 station list
125,717016,10,E,7,34.036314,-118.374796,PeMSD7(M) 228 station list
126,718335,10,E,7,34.036796,-118.289266,PeMSD7(M) 228 station list
127,717269,60,W,7,34.032661,-118.182471,PeMSD7(M) 228 station list
128,717290,60,E,7,34.036512,-118.090626,PeMSD7(M) 228 station list
129,716206,60,W,7,34.029065,-118.211497,PeMSD7(M) 228 station list
130,717274,60,W,7,34.035886,-118.151414,PeMSD7(M) 228 station list
131,717316,60,W,7,34.035073,-118.029281,PeMSD7(M) 228 station list
132,717265,60,E,7,34.03154,-118.190445,PeMSD7(M) 228 station list
133,773274,60,E,7,34.036464,-118.16093,PeMSD7(M) 228 station list
134,773294,60,W,7,34.03582,-118.095997,PeMSD7(M) 228 station list
135,773409,60,E,7,34.028638,-118.002779,PeMSD7(M) 228 station list
136,717273,60,E,7,34.035723,-118.151516,PeMSD7(M) 228 station list
137,717292,60,E,7,34.039225,-118.081093,PeMSD7(M) 228 station list
138,717288,60,W,7,34.036302,-118.092399,PeMSD7(M) 228 station list
139,773273,60,W,7,34.03666,-118.160938,PeMSD7(M) 228 station list
140,717303,60,E,7,34.039962,-118.05362,PeMSD7(M) 228 station list
141,718002,710,S,7,33.966186,-118.168485,PeMSD7(M) 228 station list
142,718493,710,S,7,33.907395,-118.182244,PeMSD7(M) 228 station list
143,717995,710,N,7,33.950741,-118.170417,PeMSD7(M) 228 station list
144,718018,710,S,7,34.039459,-118.170157,PeMSD7(M) 228 station list
145,718102,710,N,7,33.905011,-118.184089,PeMSD7(M) 228 station list
146,761761,710,S,7,33.906773,-118.182716,PeMSD7(M) 228 station list
147,718321,710,S,7,34.019379,-118.17355,PeMSD7(M) 228 station list
148,717983,710,N,7,33.931754,-118.178439,PeMSD7(M) 228 station list
149,718280,405,S,7,33.90085,-118.370549,PeMSD7(M) 228 station list
150,718223,405,S,7,33.802629,-118.12381,PeMSD7(M) 228 station list
151,771864,405,S,7,33.821302,-118.195219,PeMSD7(M) 228 station list
152,718245,405,S,7,33.818022,-118.190184,PeMSD7(M) 228 station list
153,717738,405,N,7,33.852884,-118.279686,PeMSD7(M) 228 station list
154,771866,405,S,7,33.821302,-118.195219,PeMSD7(M) 228 station list
155,764611,405,S,7,33.85998,-118.31095,PeMSD7(M) 228 station list
156,771969,405,N,7,33.978135,-118.390097,PeMSD7(M) 228 station list
157,717706,405,N,7,33.805639,-118.141821,PeMSD7(M) 228 station list
158,762552,405,N,7,33.878338,-118.345949,PeMSD7(M) 228 station list
159,717790,405,N,7,34.010379,-118.41687,PeMSD7(M) 228 station list
160,718221,405,S,7,33.800308,-118.112651,PeMSD7(M) 228 station list
161,717795,405,S,7,34.038114,-118.439397,PeMSD7(M) 228 station list
162,717756,405,N,7,33.884045,-118.351506,PeMSD7(M) 228 station list
163,718266,405,N,7,33.86453,-118.3259,PeMSD7(M) 228 station list
164,761523,405,S,7,33.859717,-118.298546,PeMSD7(M) 228 station list
165,718230,405,S,7,33.803094,-118.137329,PeMSD7(M) 228 station list
166,771899,405,S,7,33.82515,-118.222222,PeMSD7(M) 228 station list
167,761482,405,N,7,33.951752,-118.368991,PeMSD7(M) 228 station list
168,717722,405,N,7,33.819612,-118.191829,PeMSD7(M) 228 station list
169,717729,405,N,7,33.825518,-118.226232,PeMSD7(M) 228 station list
170,717735,405,N,7,33.840237,-118.264144,PeMSD7(M) 228 station list
171,716674,405,S,7,33.867122,-118.335344,PeMSD7(M) 228 station list
172,718249,405,S,7,33.825229,-118.225244,PeMSD7(M) 228 station list
173,764578,405,S,7,33.965086,-118.370528,PeMSD7(M) 228 station list
174,717758,405,N,7,33.890483,-118.360485,PeMSD7(M) 228 station list
175,718265,405,S,7,33.864701,-118.327312,PeMSD7(M) 228 station list
176,774105,405,S,7,33.990121,-118.401139,PeMSD7(M) 228 station list
177,717760,405,N,7,33.8919,-118.362464,PeMSD7(M) 228 station list
178,771917,405,N,7,33.825932,-118.233155,PeMSD7(M) 228 station list
179,769265,405,N,7,33.971707,-118.377522,PeMSD7(M) 228 station list
180,772454,405,S,7,34.019097,-118.424066,PeMSD7(M) 228 station list
181,717707,405,N,7,33.805639,-118.141821,PeMSD7(M) 228 station list
182,762533,405,N,7,33.814416,-118.177538,PeMSD7(M) 228 station list
183,718287,405,S,7,33.971543,-118.377669,PeMSD7(M) 228 station list
184,718232,405,S,7,33.805815,-118.143415,PeMSD7(M) 228 station list
185,769263,405,N,7,33.963205,-118.369661,PeMSD7(M) 228 station list
186,761444,405,N,7,33.873958,-118.342856,PeMSD7(M) 228 station list
187,718479,405,S,7,33.89032,-118.360662,PeMSD7(M) 228 station list
188,769259,405,N,7,33.952042,-118.369045,PeMSD7(M) 228 station list
189,717715,405,N,7,33.813802,-118.168227,PeMSD7(M) 228 station list
190,772437,405,N,7,34.013859,-118.419645,PeMSD7(M) 228 station list
191,772532,405,S,7,34.026631,-118.430023,PeMSD7(M) 228 station list
192,764671,405,S,7,33.990121,-118.401139,PeMSD7(M) 228 station list
193,764572,405,S,7,33.963142,-118.369897,PeMSD7(M) 228 station list
194,718242,405,S,7,33.815698,-118.186295,PeMSD7(M) 228 station list
195,717744,405,N,7,33.859955,-118.307741,PeMSD7(M) 228 station list
196,717709,405,N,7,33.806208,-118.144497,PeMSD7(M) 228 station list
197,716663,405,N,7,33.858551,-118.287766,PeMSD7(M) 228 station list
198,772455,405,N,7,34.019206,-118.423854,PeMSD7(M) 228 station list
199,772527,405,S,7,34.018854,-118.423874,PeMSD7(M) 228 station list
200,762545,405,N,7,33.832936,-118.25697,PeMSD7(M) 228 station list
201,717711,405,N,7,33.812037,-118.162485,PeMSD7(M) 228 station list
202,762582,405,S,7,33.802649,-118.128338,PeMSD7(M) 228 station list
203,767847,405,S,7,33.914766,-118.370486,PeMSD7(M) 228 station list
204,771939,405,N,7,33.835595,-118.259571,PeMSD7(M) 228 station list
205,759422,405,S,7,33.914766,-118.370486,PeMSD7(M) 228 station list
206,761440,405,S,7,33.861991,-118.318254,PeMSD7(M) 228 station list
207,718256,405,S,7,33.840128,-118.264312,PeMSD7(M) 228 station list
208,717740,405,N,7,33.859338,-118.289828,PeMSD7(M) 228 station list
209,718296,405,S,7,34.010121,-118.416943,PeMSD7(M) 228 station list
210,718227,405,N,7,33.802923,-118.133344,PeMSD7(M) 228 station list
211,716720,405,N,7,34.042287,-118.44249,PeMSD7(M) 228 station list
212,764596,405,S,7,33.928621,-118.368522,PeMSD7(M) 228 station list
213,772456,405,S,7,34.019097,-118.424066,PeMSD7(M) 228 station list
214,763267,110,S,7,33.980182,-118.281036,PeMSD7(M) 228 station list
215,759418,110,S,7,33.923292,-118.281555,PeMSD7(M) 228 station list
216,763447,110,S,7,34.018314,-118.280127,PeMSD7(M) 228 station list
217,716499,110,N,7,33.951161,-118.279899,PeMSD7(M) 228 station list
218,716484,110,N,7,33.884861,-118.285153,PeMSD7(M) 228 station list
219,763400,110,N,7,33.960648,-118.280531,PeMSD7(M) 228 station list
220,763413,110,S,7,33.976848,-118.281038,PeMSD7(M) 228 station list
221,718164,110,N,7,33.989159,-118.280238,PeMSD7(M) 228 station list
222,763392,110,N,7,33.958618,-118.280545,PeMSD7(M) 228 station list
223,766337,110,S,7,33.855273,-118.2849,PeMSD7(M) 228 station list
224,763272,110,S,7,33.968828,-118.28101,PeMSD7(M) 228 station list
225,763532,110,N,7,33.845433,-118.285155,PeMSD7(M) 228 station list
226,763522,110,N,7,33.81107,-118.287268,PeMSD7(M) 228 station list
227,763275,110,S,7,33.968828,-118.28101,PeMSD7(M) 228 station list
