matrix_column,sensor_name,latitude,longitude,match_method,wsdot_name,roadway,location,milepost
0,d005es15036,47.4086,-122.2921,exact,005es15036:DMN___1,I-5,S 216th St,150.36
1,d005es15125,47.4212,-122.2865,exact,005es15125:_MSRA_1,I-5,S 200th St-SB,151.25
2,d005es15214,47.4302,-122.2734,exact,005es15214:_MSRA_1,I-5,S 188th St-SB,152.14
3,d005es15280,47.4391,-122.2692,exact,005es15280:_MN___1,I-5,S 183rd St,152.8
4,d005es15315,47.4438,-122.2681,exact,005es15315:_MN___1,I-5,S 178th St,153.15
5,d005es15348,47.4485,-122.2667,exact,005es15348:_MN___1,I-5,S 172nd St,153.48
6,d005es15410,47.4572,-122.2642,exact,005es15410:_MSRA_1,I-5,518/Klickitat-SB,154.1
7,d005es15465,47.4648,-122.2657,exact,005es15465:_MN___1,I-5,S 154th St,154.65
8,d005es15531,47.4739,-122.2697,exact,005es15531:_MN___1,I-5,S 144th St,155.31
9,d005es15569,47.4789,-122.2715,exact,005es15569:_MSRA_1,I-5,SR599-SB  Lt,155.69
10,d005es15587,47.4821,-122.2723,exact,005es15587:_MSRA_1,I-5,SR599-SB  Rt,155.87
11,d005es15608,47.4846,-122.2692,exact,005es15608:_MNRA_1,I-5,Interurban-NB,156.08
12,d005es15652,47.4898,-122.2643,exact,005es15652:_MN___1,I-5,S 129th St,156.52
13,d005es15723,47.4982,-122.2727,exact,005es15723:_MSRA_1,I-5,MLK Jr Way-SB,157.23
14,d005es15792,47.5067,-122.2805,exact,005es15792:_MNRA_1,I-5,Boeing Access-NB,157.92
15,d005es15845,47.5135,-122.2857,exact,005es15845:_MN___1,I-5,S Norfolk St,158.45
16,d005es15892,47.5197,-122.2896,exact,005es15892:_MN___1,I-5,S Benefit St,158.92
17,d005es15957,47.5288,-122.293,exact,005es15957:_MN___1,I-5,S Thistle St,159.57
18,d005es15996,47.5342,-122.2956,exact,005es15996:_MN___1,I-5,S Holden St,159.96
19,d005es16064,47.5423,-122.304,exact,005es16064:_MN___1,I-5,S Holly St,160.64
20,d005es16107,47.547,-122.3098,exact,005es16107:_MSRA_1,I-5,Michigan St-SB,161.07
21,d005es16186,47.5562,-122.3195,exact,005es16186:_MN___1,I-5,S Pearl St,161.86
22,d005es16237,47.5633,-122.3217,exact,005es16237:_MN___1,I-5,S Oregon St,162.37
23,d005es16272,47.5683,-122.3206,exact,005es16272:_MSRA_1,I-5,Columbian Way-SB,162.72
24,d005es16302,47.5726,-122.3198,exact,005es16302:_MN___1,I-5,S Spokane St,163.02
26,d005es16442,47.5926,-122.3211,exact,005es16442:_MSRA_1,I-5,4th Ave S-SB,164.42
27,d005es16466,47.5961,-122.3202,exact,005es16466:_CNRA_1,I-5,4th/Dearborn-NB,164.66
28,d005es16513,47.6019,-122.3252,exact,005es16513:_MN___1,I-5,Yesler Way,165.13
29,d005es16551,47.6068,-122.3294,exact,005es16551:_MN___1,I-5,Marion St,165.51
30,d005es16583,47.611,-122.3313,exact,005es16583:_MNRA_1,I-5,University St-NB,165.83
31,d005es16640,47.6191,-122.3282,exact,005es16640:_MNRA_1,I-5,Olive Way-NB,166.4
32,d005es16661,47.6222,-122.3287,exact,005es16661:_MSRA_1,I-5,Mercer St-SB,166.61
33,d005es16701,47.6279,-122.3279,exact,005es16701:_MNRA_1,I-5,Mercer St-NB [1],167.01
34,d005es16732,47.6317,-122.3245,exact,005es16732:_MN___1,I-5,E Galer St,167.32
35,d005es16756,47.6349,-122.3236,exact,005es16756:_MSRA_1,I-5,Boylston Ave-SB,167.56
36,d005es16802,47.6417,-122.3233,exact,005es16802:AMN___1,I-5,E Roanoke St,168.02
37,d005es16831,47.646,-122.3224,exact,005es16831:_MN___1,I-5,E Hamlin St,168.31
38,d005es16885,47.6538,-122.3226,exact,005es16885:_MN___1,I-5,Ship Canal Br,168.85
39,d005es16919,47.6586,-122.3226,exact,005es16919:_MSVA_1,I-5,NE 45th St-SB,169.19
40,d005es16942,47.6619,-122.3224,exact,005es16942:_MS_Q_1,I-5,NE 50th St-SB,169.42
41,d005es16990,47.6688,-122.3217,exact,005es16990:_MSRA_1,I-5,Ravenna Blvd-SB,169.9
42,d005es17025,47.6739,-122.3209,exact,005es17025:_MN___1,I-5,NE 63rd St,170.25
43,d005es17075,47.6812,-122.3212,exact,005es17075:_MS_Q_1,I-5,Lake City Wy  SB,170.75
44,d005es17131,47.6878,-122.3278,exact,005es17131:_MSVQ_1,I-5,NE 85th St-SB,171.31
45,d005es17162,47.6921,-122.3295,exact,005es17162:_MS___1,I-5,N 88th St,171.62
46,d005es17215,47.6998,-122.3292,exact,005es17215:_MN___1,I-5,N 97th St,172.15
47,d005es17264,47.7067,-122.33,exact,005es17264:_CS_Q_1,I-5,N 107th St-SB,172.64
48,d005es17288,47.7102,-122.3299,exact,005es17288:_CS_Q_1,I-5,N 110th St-SB,172.88
49,d005es17328,47.7154,-122.3261,exact,005es17328:_MN___1,I-5,NE 120th St,173.28
50,d005es17375,47.722,-122.3245,exact,005es17375:_MSRA_1,I-5,NE 130th St-SB,173.75
51,d005es17416,47.728,-122.3242,exact,005es17416:_MSH__5,I-5,NE 137th St,174.16
52,d005es17460,47.7344,-122.3251,exact,005es17460:_MS_O_1,I-5,NE 145th St  SB,174.6
53,d005es17508,47.7409,-122.329,exact,005es17508:_MN___1,I-5,NE 155th St,175.08
54,d005es17551,47.7468,-122.3291,exact,005es17551:_MS_D_2,I-5,N Metro Base-SB,175.51
55,d005es17601,47.7541,-122.3304,exact,005es17601:_MSRA_1,I-5,NE 175th St-SB,176.01
56,d005es17674,47.7635,-122.3235,exact,005es17674:DMN___1,I-5,NE 185th St,176.74
57,d005es17722,47.7704,-122.3214,exact,005es17722:DMN___1,I-5,NE 195th St,177.22
58,d005es17774,47.7773,-122.3181,exact,005es17774:_MSRA_1,I-5,NE 205th St-SB,177.74
59,d005es17775,47.7775,-122.3181,exact,005es17775:_MSRA_1,I-5,244/236th Sts-SB,177.75
60,d005es17826,47.7847,-122.3161,exact,005es17826:_MNRA_1,I-5,SR 104-NB,178.26
61,d005es17875,47.7917,-122.3166,exact,005es17875:AMN___1,I-5,228th St SW,178.75
62,d005es17926,47.7991,-122.315,exact,005es17926:_MSRA_1,I-5,220th St SW-SB,179.26
63,d005es17976,47.8052,-122.3092,exact,005es17976:_MN___1,I-5,213th St SW,179.76
64,d005es18017,47.8087,-122.3016,exact,005es18017:_MN___1,I-5,208th St SW,180.17
65,d005es18066,47.8135,-122.2935,exact,005es18066:_MSHD_1,I-5,44th Ave W-SB,180.66
66,d005es18106,47.817,-122.287,exact,005es18106:_MSRA_1,I-5,196th St SW-SB,181.06
67,d005es18156,47.8212,-122.2782,exact,005es18156:_MNRA_1,I-5,Ald Mall Pkwy-NB,181.56
68,d005es18211,47.8263,-122.2694,exact,005es18211:_MSHD_1,I-5,Swamp Creek-SB,182.11
69,d005es18262,47.8317,-122.262,exact,005es18262:_MS___1,I-5,Alderwood  SB,182.62
70,d005es18322,47.8401,-122.2597,exact,005es18322:_MN___1,I-5,175th St SW,183.22
71,d005es18382,47.8487,-122.2581,exact,005es18382:_MSRA_1,I-5,164th St SW-SB,183.82
72,d005es18449,47.8574,-122.2518,exact,005es18449:_MN___1,I-5,156th St SW,184.49
73,d090es00278,47.5949,-122.316,exact,090es00278:_MW_X_3,I-90,12th Ave S,2.78
74,d090es00302,47.5931,-122.3118,exact,090es00302:_ME___1,I-90,S Norman St,3.02
76,d090es00430,47.59,-122.2864,exact,090es00430:_ME___1,I-90,35th Ave S,4.3
77,d090es00453,47.5898,-122.2815,exact,090es00453:_MW___1,I-90,WestHighrise  WB,4.53
78,d090es00545,47.5894,-122.2619,exact,090es00545:_MW___1,I-90,EastHighrise  WB,5.45
79,d090es00595,47.5896,-122.2513,exact,090es00595:_MWRA_1,I-90,W Mercer Way-WB,5.95
80,d090es00667,47.5898,-122.2382,exact,090es00667:_MWRA_1,I-90,76th Ave SE-WB,6.67
81,d090es00696,47.5877,-122.2327,exact,090es00696:_MWVA_1,I-90,Isl Crest Way-WB,6.96
82,d090es00720,47.5862,-122.2279,exact,090es00720:_MERA_1,I-90,Isl Crest Way-EB,7.2
83,d090es00769,47.582,-122.2195,exact,090es00769:_ME___1,I-90,Shorewood Dr,7.69
84,d090es00822,47.5782,-122.2101,exact,090es00822:_MW_Q_1,I-90,E Mercer Way-WB,8.22
85,d090es00838,47.5782,-122.2067,exact,090es00838:_MERA_1,I-90,E Mercer Way-EB,8.38
87,d090es00893,47.5797,-122.1955,exact,090es00893:_ME___1,I-90,108th Ave SE,8.93
88,d090es00912,47.5793,-122.1918,exact,090es00912:_MWRA_1,I-90,Bellevue Way-WB,9.12
89,d090es00961,47.5797,-122.1815,exact,090es00961:_ME___1,I-90,118th Ave SE,9.61
90,d090es00996,47.5802,-122.1737,exact,090es00996:_MWRA_1,I-90,Richards Rd-WB,9.96
91,d405es00011,47.462,-122.2627,exact,405es00011:_MN___1,I-405,I-5 Interchange,0.11
92,d405es00044,47.4622,-122.2562,exact,405es00044:_MN___1,I-405,Andover Park W,0.44
93,d405es00086,47.4631,-122.2477,exact,405es00086:_MSLA_1,I-405,Interurban-SB,0.86
94,d405es00139,47.4664,-122.2375,exact,405es00139:_MN___1,I-405,Longacres Dr SW,1.39
95,d405es00171,47.4672,-122.2309,exact,405es00171:_MN___1,I-405,Powell Ave SW,1.71
96,d405es00221,47.4676,-122.2202,exact,405es00221:_MSRA_1,I-405,Rainier Ave-SB,2.21
98,d405es00294,47.4703,-122.2055,exact,405es00294:_MNRA_1,I-405,Talbot Rd-NB,2.94
99,d405es00342,47.4772,-122.2037,exact,405es00342:_MN___1,I-405,S 5th St,3.42
100,d405es00391,47.483,-122.1976,exact,405es00391:_MSRA_1,I-405,SR 169-SB,3.91
101,d405es00473,47.4934,-122.1918,exact,405es00473:_MNRA_1,I-405,Sunset Blvd-NB,4.73
102,d405es00532,47.5013,-122.1963,exact,405es00532:_MSRA_1,I-405,NE Park Dr-SB,5.32
103,d405es00608,47.5122,-122.1981,exact,405es00608:_MN___1,I-405,NE 24th St,6.08
104,d405es00646,47.5177,-122.1986,exact,405es00646:_MS_Q_2,I-405,NE 30th St-SB,6.46
105,d405es00700,47.5256,-122.1977,exact,405es00700:DMN___1,I-405,NE 37th St,7.0
106,d405es00740,47.5313,-122.1979,exact,405es00740:_MSRA_1,I-405,NE 44th St-SB,7.4
107,d405es00803,47.5399,-122.1948,exact,405es00803:AMN___1,I-405,SE 71st St,8.03
108,d405es00840,47.5452,-122.1954,exact,405es00840:DMN___1,I-405,SE 64th St,8.4
109,d405es00890,47.5523,-122.1935,exact,405es00890:_MN___1,I-405,SE 59th St,8.9
110,d405es00921,47.5564,-122.1907,exact,405es00921:_MS_Q_2,I-405,112th Ave SE-SB,9.21
111,d405es00975,47.5635,-122.1866,exact,405es00975:_MN___1,I-405,SE 47th St,9.75
112,d405es01079,47.5758,-122.1748,exact,405es01079:_MN___1,I-405,SE 39th St,10.79
113,d405es01128,47.5828,-122.1755,exact,405es01128:_MN___1,I-405,I-90 Interchange,11.28
114,d405es01178,47.5892,-122.1799,exact,405es01178:_MN___1,I-405,SE 24th St,11.78
115,d405es01229,47.5965,-122.1815,exact,405es01229:_MSH__1,I-405,SE 17th St  SB,12.29
116,d405es01272,47.6024,-122.1835,exact,405es01272:_MSRA_1,I-405,SE 8th St-SB,12.72
117,d405es01333,47.6103,-122.1887,exact,405es01333:_MSRA_1,I-405,NE 4th/8th-SB,13.33
118,d405es01392,47.6188,-122.1886,exact,405es01392:_MN___1,I-405,NE 9th St,13.92
120,d405es01465,47.6296,-122.1887,exact,405es01465:_MN_X_1,I-405,SR 520  SB,14.65
122,d405es01799,47.6774,-122.1847,exact,405es01799:MMS___1,I-405,NE 85th St-SB,17.99
123,d405es01823,47.6811,-122.1841,exact,405es01823:MMN___1,I-405,NE 85th St-NB,18.23
124,d405es01870,47.6876,-122.1821,exact,405es01870:_MN___1,I-405,NE 97th St,18.7
125,d405es01921,47.6949,-122.1804,exact,405es01921:_MN___1,I-405,NE 106th St,19.21
126,d405es01972,47.7022,-122.1796,exact,405es01972:_MSRA_1,I-405,NE 116th St-SB,19.72
127,d405es02022,47.7089,-122.1821,exact,405es02022:_MSRA_1,I-405,NE 124th St-SB,20.22
128,d405es02047,47.7123,-122.1837,exact,405es02047:_MNRA_1,I-405,Totem Lake-NB,20.47
129,d405es02136,47.7247,-122.1901,exact,405es02136:_MN___1,I-405,NE 140th St,21.36
131,d405es02351,47.7554,-122.1858,exact,405es02351:_MSRA_1,I-405,EB SR 522-SB,23.51
132,d405es02393,47.7614,-122.1844,exact,405es02393:_MN___1,I-405,NE 183rd St,23.93
133,d405es02439,47.7674,-122.1891,exact,405es02439:_MSRA_1,I-405,NE 195th St-SB,24.39
134,d405es02517,47.7784,-122.1927,exact,405es02517:DMN___1,I-405,242nd St SE,25.17
136,d405es02744,47.8013,-122.2252,exact,405es02744:_MNR__1,I-405,216th St SE,27.44
137,d405es02898,47.8196,-122.2419,exact,405es02898:_MNR__1,I-405,Damson Rd,28.98
150,d520es00616,47.6402,-122.1971,exact,520es00616:_MWRA_1,SR 520,108th Ave NE-WB,6.16
151,d520es00684,47.6332,-122.1897,exact,520es00684:_MEH__1,SR 520,I-405 I/C,6.84
153,d520es00746,47.6311,-122.1771,exact,520es00746:_MWRA_1,SR 520,124th Ave NE-WB,7.46
154,d520es00861,47.6298,-122.1529,exact,520es00861:_MEH__1,SR 520,140th Ave NE,8.61
155,d520es00911,47.6337,-122.1442,exact,520es00911:_MWRA_1,SR 520,148th Ave NE-WB,9.11
156,d520es00972,47.6401,-122.1351,exact,520es00972:_MEH__1,SR 520,NE 36th St,9.72
157,i005es15036,47.4086,-122.2921,exact,005es15036:DMN___1,I-5,S 216th St,150.36
158,i005es15125,47.4212,-122.2865,exact,005es15125:_MSRA_1,I-5,S 200th St-SB,151.25
159,i005es15214,47.4302,-122.2734,exact,005es15214:_MSRA_1,I-5,S 188th St-SB,152.14
160,i005es15240,47.4332,-122.2701,exact,005es15240:_MNRA_1,I-5,S 188th St-NB,152.4
161,i005es15280,47.4391,-122.2692,exact,005es15280:_MN___1,I-5,S 183rd St,152.8
162,i005es15315,47.4438,-122.2681,exact,005es15315:_MN___1,I-5,S 178th St,153.15
163,i005es15348,47.4485,-122.2667,exact,005es15348:_MN___1,I-5,S 172nd St,153.48
164,i005es15465,47.4648,-122.2657,exact,005es15465:_MN___1,I-5,S 154th St,154.65
165,i005es15480,47.467,-122.2671,exact,005es15480:_MNRA_1,I-5,Southcenter-NB,154.8
166,i005es15531,47.4739,-122.2697,exact,005es15531:_MN___1,I-5,S 144th St,155.31
167,i005es15569,47.4789,-122.2715,exact,005es15569:_MSRA_1,I-5,SR599-SB  Lt,155.69
168,i005es15608,47.4846,-122.2692,exact,005es15608:_MNRA_1,I-5,Interurban-NB,156.08
169,i005es15652,47.4898,-122.2643,exact,005es15652:_MN___1,I-5,S 129th St,156.52
170,i005es15742,47.5004,-122.2747,exact,005es15742:_CNRA_1,I-5,MLK Jr Way-NB,157.42
171,i005es15792,47.5067,-122.2805,exact,005es15792:_MNRA_1,I-5,Boeing Access-NB,157.92
173,i005es15845,47.5135,-122.2857,exact,005es15845:_MN___1,I-5,S Norfolk St,158.45
174,i005es15892,47.5197,-122.2896,exact,005es15892:_MN___1,I-5,S Benefit St,158.92
176,i005es15957,47.5288,-122.293,exact,005es15957:_MN___1,I-5,S Thistle St,159.57
177,i005es15996,47.5342,-122.2956,exact,005es15996:_MN___1,I-5,S Holden St,159.96
179,i005es16064,47.5423,-122.304,exact,005es16064:_MN___1,I-5,S Holly St,160.64
181,i005es16120,47.5485,-122.3116,exact,005es16120:_MNRA_1,I-5,Swift Ave-NB,161.2
182,i005es16147,47.5511,-122.3158,exact,005es16147:_MN_Q_1,I-5,Michigan St-NB,161.47
183,i005es16186,47.5562,-122.3195,exact,005es16186:_MN___1,I-5,S Pearl St,161.86
184,i005es16237,47.5633,-122.3217,exact,005es16237:_MN___1,I-5,S Oregon St,162.37
185,i005es16272,47.5683,-122.3206,exact,005es16272:_MSRA_1,I-5,Columbian Way-SB,162.72
186,i005es16302,47.5726,-122.3198,exact,005es16302:_MN___1,I-5,S Spokane St,163.02
187,i005es16319,47.5753,-122.3197,exact,005es16319:_MNRA_1,I-5,Columbian Way-NB,163.19
190,i005es16466,47.5961,-122.3202,exact,005es16466:_CNRA_1,I-5,4th/Dearborn-NB,164.66
191,i005es16513,47.6019,-122.3252,exact,005es16513:_MN___1,I-5,Yesler Way,165.13
192,i005es16551,47.6068,-122.3294,exact,005es16551:_MN___1,I-5,Marion St,165.51
193,i005es16583,47.611,-122.3313,exact,005es16583:_MNRA_1,I-5,University St-NB,165.83
194,i005es16640,47.6191,-122.3282,exact,005es16640:_MNRA_1,I-5,Olive Way-NB,166.4
195,i005es16704,47.6283,-122.3276,exact,005es16704:_MNRA_1,I-5,Mercer St-NB [2],167.04
196,i005es16732,47.6317,-122.3245,exact,005es16732:_MN___1,I-5,E Galer St,167.32
197,i005es16756,47.6349,-122.3236,exact,005es16756:_MSRA_1,I-5,Boylston Ave-SB,167.56
198,i005es16802,47.6417,-122.3233,exact,005es16802:AMN___1,I-5,E Roanoke St,168.02
199,i005es16831,47.646,-122.3224,exact,005es16831:_MN___1,I-5,E Hamlin St,168.31
200,i005es16885,47.6538,-122.3226,exact,005es16885:_MN___1,I-5,Ship Canal Br,168.85
201,i005es16920,47.6587,-122.3221,exact,005es16920:_MN___1,I-5,NE 42nd St  NB,169.2
202,i005es16944,47.6622,-122.3219,exact,005es16944:_MNRA_1,I-5,NE 45th St-NB,169.44
203,i005es16977,47.667,-122.3217,exact,005es16977:_MNRA_1,I-5,NE 50th St-NB,169.77
204,i005es17025,47.6739,-122.3209,exact,005es17025:_MN___1,I-5,NE 63rd St,170.25
205,i005es17131,47.6878,-122.3278,exact,005es17131:_MSVQ_1,I-5,NE 85th St-SB,171.31
206,i005es17163,47.6923,-122.3291,exact,005es17163:_MNRA_1,I-5,NE 80th St-NB,171.63
207,i005es17215,47.6998,-122.3292,exact,005es17215:_MN___1,I-5,N 97th St,172.15
208,i005es17264,47.7067,-122.33,exact,005es17264:_CS_Q_1,I-5,N 107th St-SB,172.64
209,i005es17289,47.7103,-122.3295,exact,005es17289:_MNRA_1,I-5,Northgate-NB,172.89
210,i005es17328,47.7154,-122.3261,exact,005es17328:_MN___1,I-5,NE 120th St,173.28
211,i005es17375,47.722,-122.3245,exact,005es17375:_MSRA_1,I-5,NE 130th St-SB,173.75
212,i005es17416,47.728,-122.3242,exact,005es17416:_MSH__5,I-5,NE 137th St,174.16
213,i005es17458,47.7341,-122.3248,exact,005es17458:_MNHD_1,I-5,NE 145th St-NB,174.58
214,i005es17508,47.7409,-122.329,exact,005es17508:_MN___1,I-5,NE 155th St,175.08
215,i005es17551,47.7468,-122.3291,exact,005es17551:_MS_D_2,I-5,N Metro Base-SB,175.51
216,i005es17627,47.7576,-122.3282,exact,005es17627:_MNRA_1,I-5,NE 175th St-NB,176.27
217,i005es17674,47.7635,-122.3235,exact,005es17674:DMN___1,I-5,NE 185th St,176.74
218,i005es17722,47.7704,-122.3214,exact,005es17722:DMN___1,I-5,NE 195th St,177.22
219,i005es17774,47.7773,-122.3181,exact,005es17774:_MSRA_1,I-5,NE 205th St-SB,177.74
220,i005es17826,47.7847,-122.3161,exact,005es17826:_MNRA_1,I-5,SR 104-NB,178.26
221,i005es17875,47.7917,-122.3166,exact,005es17875:AMN___1,I-5,228th St SW,178.75
222,i005es17927,47.7992,-122.3144,exact,005es17927:_MNLA_1,I-5,220th St SW-NB,179.27
223,i005es17976,47.8052,-122.3092,exact,005es17976:_MN___1,I-5,213th St SW,179.76
224,i005es18017,47.8087,-122.3016,exact,005es18017:_MN___1,I-5,208th St SW,180.17
225,i005es18066,47.8135,-122.2935,exact,005es18066:_MSHD_1,I-5,44th Ave W-SB,180.66
226,i005es18115,47.8175,-122.2851,exact,005es18115:_MN___1,I-5,40th Ave W,181.15
227,i005es18156,47.8212,-122.2782,exact,005es18156:_MNRA_1,I-5,Ald Mall Pkwy-NB,181.56
228,i005es18170,47.8225,-122.2759,exact,005es18170:_MNRA_1,I-5,196th St SW-NB,181.7
229,i005es18204,47.8255,-122.2703,exact,005es18204:_MN___1,I-5,28th Ave W,182.04
230,i005es18264,47.8319,-122.2619,exact,005es18264:_MN___1,I-5,Alderwood  NB,182.64
231,i005es18322,47.8401,-122.2597,exact,005es18322:_MN___1,I-5,175th St SW,183.22
232,i005es18406,47.852,-122.2563,exact,005es18406:_MNRA_1,I-5,164th St SW-NB,184.06
233,i005es18449,47.8574,-122.2518,exact,005es18449:_MN___1,I-5,156th St SW,184.49
234,i090es00302,47.5931,-122.3118,exact,090es00302:_ME___1,I-90,S Norman St,3.02
235,i090es00341,47.5905,-122.3056,exact,090es00341:_MERA_2,I-90,SB Rainier-EB,3.41
236,i090es00359,47.5905,-122.3016,exact,090es00359:_MERA_1,I-90,NB Rainier-EB,3.59
237,i090es00430,47.59,-122.2864,exact,090es00430:_ME___1,I-90,35th Ave S,4.3
238,i090es00454,47.5902,-122.2809,exact,090es00454:_ME___1,I-90,WestHighrise  EB,4.54
239,i090es00549,47.5898,-122.2603,exact,090es00549:_ME___1,I-90,EastHighrise  EB,5.49
240,i090es00595,47.5896,-122.2513,exact,090es00595:_MWRA_1,I-90,W Mercer Way-WB,5.95
241,i090es00667,47.5898,-122.2382,exact,090es00667:_MWRA_1,I-90,76th Ave SE-WB,6.67
242,i090es00696,47.5877,-122.2327,exact,090es00696:_MWVA_1,I-90,Isl Crest Way-WB,6.96
243,i090es00720,47.5862,-122.2279,exact,090es00720:_MERA_1,I-90,Isl Crest Way-EB,7.2
244,i090es00769,47.582,-122.2195,exact,090es00769:_ME___1,I-90,Shorewood Dr,7.69
245,i090es00805,47.5788,-122.2136,exact,090es00805:_ME___1,I-90,N Mercer Way  EB,8.05
246,i090es00838,47.5782,-122.2067,exact,090es00838:_MERA_1,I-90,E Mercer Way-EB,8.38
247,i090es00893,47.5797,-122.1955,exact,090es00893:_ME___1,I-90,108th Ave SE,8.93
249,i090es00961,47.5797,-122.1815,exact,090es00961:_ME___1,I-90,118th Ave SE,9.61
250,i090es00996,47.5802,-122.1737,exact,090es00996:_MWRA_1,I-90,Richards Rd-WB,9.96
251,i405es00011,47.462,-122.2627,exact,405es00011:_MN___1,I-405,I-5 Interchange,0.11
252,i405es00044,47.4622,-122.2562,exact,405es00044:_MN___1,I-405,Andover Park W,0.44
253,i405es00092,47.4636,-122.2466,exact,405es00092:_MNRA_1,I-405,W Valley Hwy-NB,0.92
254,i405es00139,47.4664,-122.2375,exact,405es00139:_MN___1,I-405,Longacres Dr SW,1.39
255,i405es00171,47.4672,-122.2309,exact,405es00171:_MN___1,I-405,Powell Ave SW,1.71
256,i405es00221,47.4676,-122.2202,exact,405es00221:_MSRA_1,I-405,Rainier Ave-SB,2.21
258,i405es00294,47.4703,-122.2055,exact,405es00294:_MNRA_1,I-405,Talbot Rd-NB,2.94
259,i405es00342,47.4772,-122.2037,exact,405es00342:_MN___1,I-405,S 5th St,3.42
260,i405es00391,47.483,-122.1976,exact,405es00391:_MSRA_1,I-405,SR 169-SB,3.91
261,i405es00412,47.4851,-122.1954,exact,405es00412:_MNRA_1,I-405,SR 169-NB,4.12
262,i405es00473,47.4934,-122.1918,exact,405es00473:_MNRA_1,I-405,Sunset Blvd-NB,4.73
263,i405es00536,47.5018,-122.1963,exact,405es00536:_MNRA_1,I-405,NE Park Dr-NB,5.36
264,i405es00608,47.5122,-122.1981,exact,405es00608:_MN___1,I-405,NE 24th St,6.08
265,i405es00656,47.5192,-122.1983,exact,405es00656:_MNRA_1,I-405,NE 30th St-NB,6.56
266,i405es00700,47.5256,-122.1977,exact,405es00700:DMN___1,I-405,NE 37th St,7.0
267,i405es00745,47.532,-122.1975,exact,405es00745:_MN_Q_1,I-405,NE 44th St-NB,7.45
268,i405es00803,47.5399,-122.1948,exact,405es00803:AMN___1,I-405,SE 71st St,8.03
269,i405es00840,47.5452,-122.1954,exact,405es00840:DMN___1,I-405,SE 64th St,8.4
270,i405es00890,47.5523,-122.1935,exact,405es00890:_MN___1,I-405,SE 59th St,8.9
271,i405es00936,47.5582,-122.189,exact,405es00936:_MNHD_1,I-405,112th Ave SE-NB,9.36
272,i405es00975,47.5635,-122.1866,exact,405es00975:_MN___1,I-405,SE 47th St,9.75
273,i405es01031,47.5692,-122.1785,exact,405es01031:DMN___1,I-405,Coal Crk Pkwy NB,10.31
274,i405es01079,47.5758,-122.1748,exact,405es01079:_MN___1,I-405,SE 39th St,10.79
275,i405es01128,47.5828,-122.1755,exact,405es01128:_MN___1,I-405,I-90 Interchange,11.28
276,i405es01178,47.5892,-122.1799,exact,405es01178:_MN___1,I-405,SE 24th St,11.78
277,i405es01228,47.5964,-122.1799,exact,405es01228:_MN___1,I-405,SE 17th St  NB,12.28
278,i405es01290,47.6047,-122.1852,exact,405es01290:_MNHD_1,I-405,SE 8th St-NB,12.9
279,i405es01331,47.6101,-122.1884,exact,405es01331:_MN___1,I-405,Main St  NB,13.31
280,i405es01360,47.6141,-122.1885,exact,405es01360:_MN_Q_1,I-405,NE 4th St-NB,13.6
281,i405es01392,47.6188,-122.1886,exact,405es01392:_MN___1,I-405,NE 9th St,13.92
282,i405es01463,47.6291,-122.1884,exact,405es01463:_MNRA_1,I-405,NE 8th St-NB,14.63
284,i405es01799,47.6774,-122.1847,exact,405es01799:MMS___1,I-405,NE 85th St-SB,17.99
285,i405es01823,47.6811,-122.1841,exact,405es01823:MMN___1,I-405,NE 85th St-NB,18.23
286,i405es01870,47.6876,-122.1821,exact,405es01870:_MN___1,I-405,NE 97th St,18.7
287,i405es01921,47.6949,-122.1804,exact,405es01921:_MN___1,I-405,NE 106th St,19.21
288,i405es01971,47.7021,-122.1794,exact,405es01971:_MN___1,I-405,NE 116th St  NB,19.71
289,i405es02022,47.7089,-122.1821,exact,405es02022:_MSRA_1,I-405,NE 124th St-SB,20.22
290,i405es02047,47.7123,-122.1837,exact,405es02047:_MNRA_1,I-405,Totem Lake-NB,20.47
291,i405es02136,47.7247,-122.1901,exact,405es02136:_MN___1,I-405,NE 140th St,21.36
293,i405es02351,47.7554,-122.1858,exact,405es02351:_MSRA_1,I-405,EB SR 522-SB,23.51
294,i405es02369,47.7581,-122.1841,exact,405es02369:_MNRA_1,I-405,EB SR 522-NB,23.69
295,i405es02393,47.7614,-122.1844,exact,405es02393:_MN___1,I-405,NE 183rd St,23.93
296,i405es02439,47.7674,-122.1891,exact,405es02439:_MSRA_1,I-405,NE 195th St-SB,24.39
297,i405es02517,47.7784,-122.1927,exact,405es02517:DMN___1,I-405,242nd St SE,25.17
299,i405es02687,47.796,-122.2162,exact,405es02687:_MNRA_1,I-405,SB SR 527-NB,26.87
300,i405es02744,47.8013,-122.2252,exact,405es02744:_MNR__1,I-405,216th St SE,27.44
301,i405es02898,47.8196,-122.2419,exact,405es02898:_MNR__1,I-405,Damson Rd,28.98
304,i520es00104,47.6444,-122.3022,exact,520es00104:_MERA_1,SR 520,Montlake Blvd-EB,1.04
315,i520es00624,47.6403,-122.197,exact,520es00624:_MERA_1,SR 520,108th Ave NE-EB,6.24
316,i520es00684,47.6332,-122.1897,exact,520es00684:_MEH__1,SR 520,I-405 I/C,6.84
318,i520es00746,47.6311,-122.1771,exact,520es00746:_MWRA_1,SR 520,124th Ave NE-WB,7.46
319,i520es00770,47.6303,-122.1721,exact,520es00770:_MEH__1,SR 520,I-405-EB SR 520,7.7
320,i520es00861,47.6298,-122.1529,exact,520es00861:_MEH__1,SR 520,140th Ave NE,8.61
321,i520es00935,47.6361,-122.1402,exact,520es00935:_MERA_1,SR 520,148th Ave NE-EB,9.35
322,i520es00972,47.6401,-122.1351,exact,520es00972:_MEH__1,SR 520,NE 36th St,9.72
