original_index,sensor,direction,route,milepost_code,milepost,roadway,location,latitude,longitude
0,d005es15036,d,005,15036,150.36,I-5,S 216th St,47.4086,-122.2921
1,d005es15125,d,005,15125,151.25,I-5,S 200th St-SB,47.4212,-122.2865
2,d005es15214,d,005,15214,152.14,I-5,S 188th St-SB,47.4302,-122.2734
3,d005es15280,d,005,15280,152.8,I-5,S 183rd St,47.4391,-122.2692
4,d005es15315,d,005,15315,153.15,I-5,S 178th St,47.4438,-122.2681
5,d005es15348,d,005,15348,153.48,I-5,S 172nd St,47.4485,-122.2667
6,d005es15410,d,005,15410,154.1,I-5,518/Klickitat-SB,47.4572,-122.2642
7,d005es15465,d,005,15465,154.65,I-5,S 154th St,47.4648,-122.2657
8,d005es15531,d,005,15531,155.31,I-5,S 144th St,47.4739,-122.2697
9,d005es15569,d,005,15569,155.69,I-5,SR599-SB  Lt,47.4789,-122.2715
10,d005es15587,d,005,15587,155.87,I-5,SR599-SB  Rt,47.4821,-122.2723
11,d005es15608,d,005,15608,156.08,I-5,Interurban-NB,47.4846,-122.2692
12,d005es15652,d,005,15652,156.52,I-5,S 129th St,47.4898,-122.2643
13,d005es15723,d,005,15723,157.23,I-5,MLK Jr Way-SB,47.4982,-122.2727
14,d005es15792,d,005,15792,157.92,I-5,Boeing Access-NB,47.5067,-122.2805
15,d005es15845,d,005,15845,158.45,I-5,S Norfolk St,47.5135,-122.2857
16,d005es15892,d,005,15892,158.92,I-5,S Benefit St,47.5197,-122.2896
17,d005es15957,d,005,15957,159.57,I-5,S Thistle St,47.5288,-122.293
18,d005es15996,d,005,15996,159.96,I-5,S Holden St,47.5342,-122.2956
19,d005es16064,d,005,16064,160.64,I-5,S Holly St,47.5423,-122.304
20,d005es16107,d,005,16107,161.07,I-5,Michigan St-SB,47.547,-122.3098
21,d005es16186,d,005,16186,161.86,I-5,S Pearl St,47.5562,-122.3195
22,d005es16237,d,005,16237,162.37,I-5,S Oregon St,47.5633,-122.3217
23,d005es16272,d,005,16272,162.72,I-5,Columbian Way-SB,47.5683,-122.3206
24,d005es16302,d,005,16302,163.02,I-5,S Spokane St,47.5726,-122.3198
26,d005es16442,d,005,16442,164.42,I-5,4th Ave S-SB,47.5926,-122.3211
27,d005es16466,d,005,16466,164.66,I-5,4th/Dearborn-NB,47.5961,-122.3202
28,d005es16513,d,005,16513,165.13,I-5,Yesler Way,47.6019,-122.3252
29,d005es16551,d,005,16551,165.51,I-5,Marion St,47.6068,-122.3294
30,d005es16583,d,005,16583,165.83,I-5,University St-NB,47.611,-122.3313
31,d005es16640,d,005,16640,166.4,I-5,Olive Way-NB,47.6191,-122.3282
32,d005es16661,d,005,16661,166.61,I-5,Mercer St-SB,47.6222,-122.3287
33,d005es16701,d,005,16701,167.01,I-5,Mercer St-NB [1],47.6279,-122.3279
34,d005es16732,d,005,16732,167.32,I-5,E Galer St,47.6317,-122.3245
35,d005es16756,d,005,16756,167.56,I-5,Boylston Ave-SB,47.6349,-122.3236
36,d005es16802,d,005,16802,168.02,I-5,E Roanoke St,47.6417,-122.3233
37,d005es16831,d,005,16831,168.31,I-5,E Hamlin St,47.646,-122.3224
38,d005es16885,d,005,16885,168.85,I-5,Ship Canal Br,47.6538,-122.3226
39,d005es16919,d,005,16919,169.19,I-5,NE 45th St-SB,47.6586,-122.3226
40,d005es16942,d,005,16942,169.42,I-5,NE 50th St-SB,47.6619,-122.3224
41,d005es16990,d,005,16990,169.9,I-5,Ravenna Blvd-SB,47.6688,-122.3217
42,d005es17025,d,005,17025,170.25,I-5,NE 63rd St,47.6739,-122.3209
43,d005es17075,d,005,17075,170.75,I-5,Lake City Wy  SB,47.6812,-122.3212
44,d005es17131,d,005,17131,171.31,I-5,NE 85th St-SB,47.6878,-122.3278
45,d005es17162,d,005,17162,171.62,I-5,N 88th St,47.6921,-122.3295
46,d005es17215,d,005,17215,172.15,I-5,N 97th St,47.6998,-122.3292
47,d005es17264,d,005,17264,172.64,I-5,N 107th St-SB,47.7067,-122.33
48,d005es17288,d,005,17288,172.88,I-5,N 110th St-SB,47.7102,-122.3299
49,d005es17328,d,005,17328,173.28,I-5,NE 120th St,47.7154,-122.3261
50,d005es17375,d,005,17375,173.75,I-5,NE 130th St-SB,47.722,-122.3245
51,d005es17416,d,005,17416,174.16,I-5,NE 137th St,47.728,-122.3242
52,d005es17460,d,005,17460,174.6,I-5,NE 145th St  SB,47.7344,-122.3251
53,d005es17508,d,005,17508,175.08,I-5,NE 155th St,47.7409,-122.329
54,d005es17551,d,005,17551,175.51,I-5,N Metro Base-SB,47.7468,-122.3291
55,d005es17601,d,005,17601,176.01,I-5,NE 175th St-SB,47.7541,-122.3304
56,d005es17674,d,005,17674,176.74,I-5,NE 185th St,47.7635,-122.3235
57,d005es17722,d,005,17722,177.22,I-5,NE 195th St,47.7704,-122.3214
58,d005es17774,d,005,17774,177.74,I-5,NE 205th St-SB,47.7773,-122.3181
59,d005es17775,d,005,17775,177.75,I-5,244/236th Sts-SB,47.7775,-122.3181
60,d005es17826,d,005,17826,178.26,I-5,SR 104-NB,47.7847,-122.3161
61,d005es17875,d,005,17875,178.75,I-5,228th St SW,47.7917,-122.3166
62,d005es17926,d,005,17926,179.26,I-5,220th St SW-SB,47.7991,-122.315
63,d005es17976,d,005,17976,179.76,I-5,213th St SW,47.8052,-122.3092
64,d005es18017,d,005,18017,180.17,I-5,208th St SW,47.8087,-122.3016
65,d005es18066,d,005,18066,180.66,I-5,44th Ave W-SB,47.8135,-122.2935
66,d005es18106,d,005,18106,181.06,I-5,196th St SW-SB,47.817,-122.287
67,d005es18156,d,005,18156,181.56,I-5,Ald Mall Pkwy-NB,47.8212,-122.2782
68,d005es18211,d,005,18211,182.11,I-5,Swamp Creek-SB,47.8263,-122.2694
69,d005es18262,d,005,18262,182.62,I-5,Alderwood  SB,47.8317,-122.262
70,d005es18322,d,005,18322,183.22,I-5,175th St SW,47.8401,-122.2597
71,d005es18382,d,005,18382,183.82,I-5,164th St SW-SB,47.8487,-122.2581
72,d005es18449,d,005,18449,184.49,I-5,156th St SW,47.8574,-122.2518
73,d090es00278,d,090,00278,2.78,I-90,12th Ave S,47.5949,-122.316
74,d090es00302,d,090,00302,3.02,I-90,S Norman St,47.5931,-122.3118
76,d090es00430,d,090,00430,4.3,I-90,35th Ave S,47.59,-122.2864
77,d090es00453,d,090,00453,4.53,I-90,WestHighrise  WB,47.5898,-122.2815
78,d090es00545,d,090,00545,5.45,I-90,EastHighrise  WB,47.5894,-122.2619
79,d090es00595,d,090,00595,5.95,I-90,W Mercer Way-WB,47.5896,-122.2513
80,d090es00667,d,090,00667,6.67,I-90,76th Ave SE-WB,47.5898,-122.2382
81,d090es00696,d,090,00696,6.96,I-90,Isl Crest Way-WB,47.5877,-122.2327
82,d090es00720,d,090,00720,7.2,I-90,Isl Crest Way-EB,47.5862,-122.2279
83,d090es00769,d,090,00769,7.69,I-90,Shorewood Dr,47.582,-122.2195
84,d090es00822,d,090,00822,8.22,I-90,E Mercer Way-WB,47.5782,-122.2101
85,d090es00838,d,090,00838,8.38,I-90,E Mercer Way-EB,47.5782,-122.2067
87,d090es00893,d,090,00893,8.93,I-90,108th Ave SE,47.5797,-122.1955
88,d090es00912,d,090,00912,9.12,I-90,Bellevue Way-WB,47.5793,-122.1918
89,d090es00961,d,090,00961,9.61,I-90,118th Ave SE,47.5797,-122.1815
90,d090es00996,d,090,00996,9.96,I-90,Richards Rd-WB,47.5802,-122.1737
91,d405es00011,d,405,00011,0.11,I-405,I-5 Interchange,47.462,-122.2627
92,d405es00044,d,405,00044,0.44,I-405,Andover Park W,47.4622,-122.2562
93,d405es00086,d,405,00086,0.86,I-405,Interurban-SB,47.4631,-122.2477
94,d405es00139,d,405,00139,1.39,I-405,Longacres Dr SW,47.4664,-122.2375
95,d405es00171,d,405,00171,1.71,I-405,Powell Ave SW,47.4672,-122.2309
96,d405es00221,d,405,00221,2.21,I-405,Rainier Ave-SB,47.4676,-122.2202
98,d405es00294,d,405,00294,2.94,I-405,Talbot Rd-NB,47.4703,-122.2055
99,d405es00342,d,405,00342,3.42,I-405,S 5th St,47.4772,-122.2037
100,d405es00391,d,405,00391,3.91,I-405,SR 169-SB,47.483,-122.1976
101,d405es00473,d,405,00473,4.73,I-405,Sunset Blvd-NB,47.4934,-122.1918
102,d405es00532,d,405,00532,5.32,I-405,NE Park Dr-SB,47.5013,-122.1963
103,d405es00608,d,405,00608,6.08,I-405,NE 24th St,47.5122,-122.1981
104,d405es00646,d,405,00646,6.46,I-405,NE 30th St-SB,47.5177,-122.1986
105,d405es00700,d,405,00700,7.0,I-405,NE 37th St,47.5256,-122.1977
106,d405es00740,d,405,00740,7.4,I-405,NE 44th St-SB,47.5313,-122.1979
107,d405es00803,d,405,00803,8.03,I-405,SE 71st St,47.5399,-122.1948
108,d405es00840,d,405,00840,8.4,I-405,SE 64th St,47.5452,-122.1954
109,d405es00890,d,405,00890,8.9,I-405,SE 59th St,47.5523,-122.1935
110,d405es00921,d,405,00921,9.21,I-405,112th Ave SE-SB,47.5564,-122.1907
111,d405es00975,d,405,00975,9.75,I-405,SE 47th St,47.5635,-122.1866
112,d405es01079,d,405,01079,10.79,I-405,SE 39th St,47.5758,-122.1748
113,d405es01128,d,405,01128,11.28,I-405,I-90 Interchange,47.5828,-122.1755
114,d405es01178,d,405,01178,11.78,I-405,SE 24th St,47.5892,-122.1799
115,d405es01229,d,405,01229,12.29,I-405,SE 17th St  SB,47.5965,-122.1815
116,d405es01272,d,405,01272,12.72,I-405,SE 8th St-SB,47.6024,-122.1835
117,d405es01333,d,405,01333,13.33,I-405,NE 4th/8th-SB,47.6103,-122.1887
118,d405es01392,d,405,01392,13.92,I-405,NE 9th St,47.6188,-122.1886
120,d405es01465,d,405,01465,14.65,I-405,SR 520  SB,47.6296,-122.1887
122,d405es01799,d,405,01799,17.99,I-405,NE 85th St-SB,47.6774,-122.1847
123,d405es01823,d,405,01823,18.23,I-405,NE 85th St-NB,47.6811,-122.1841
124,d405es01870,d,405,01870,18.7,I-405,NE 97th St,47.6876,-122.1821
125,d405es01921,d,405,01921,19.21,I-405,NE 106th St,47.6949,-122.1804
126,d405es01972,d,405,01972,19.72,I-405,NE 116th St-SB,47.7022,-122.1796
127,d405es02022,d,405,02022,20.22,I-405,NE 124th St-SB,47.7089,-122.1821
128,d405es02047,d,405,02047,20.47,I-405,Totem Lake-NB,47.7123,-122.1837
129,d405es02136,d,405,02136,21.36,I-405,NE 140th St,47.7247,-122.1901
131,d405es02351,d,405,02351,23.51,I-405,EB SR 522-SB,47.7554,-122.1858
132,d405es02393,d,405,02393,23.93,I-405,NE 183rd St,47.7614,-122.1844
133,d405es02439,d,405,02439,24.39,I-405,NE 195th St-SB,47.7674,-122.1891
134,d405es02517,d,405,02517,25.17,I-405,242nd St SE,47.7784,-122.1927
136,d405es02744,d,405,02744,27.44,I-405,216th St SE,47.8013,-122.2252
137,d405es02898,d,405,02898,28.98,I-405,Damson Rd,47.8196,-122.2419
150,d520es00616,d,520,00616,6.16,SR 520,108th Ave NE-WB,47.6402,-122.1971
151,d520es00684,d,520,00684,6.84,SR 520,I-405 I/C,47.6332,-122.1897
153,d520es00746,d,520,00746,7.46,SR 520,124th Ave NE-WB,47.6311,-122.1771
154,d520es00861,d,520,00861,8.61,SR 520,140th Ave NE,47.6298,-122.1529
155,d520es00911,d,520,00911,9.11,SR 520,148th Ave NE-WB,47.6337,-122.1442
156,d520es00972,d,520,00972,9.72,SR 520,NE 36th St,47.6401,-122.1351
157,i005es15036,i,005,15036,150.36,I-5,S 216th St,47.4086,-122.2921
158,i005es15125,i,005,15125,151.25,I-5,S 200th St-SB,47.4212,-122.2865
159,i005es15214,i,005,15214,152.14,I-5,S 188th St-SB,47.4302,-122.2734
160,i005es15240,i,005,15240,152.4,I-5,S 188th St-NB,47.4332,-122.2701
161,i005es15280,i,005,15280,152.8,I-5,S 183rd St,47.4391,-122.2692
162,i005es15315,i,005,15315,153.15,I-5,S 178th St,47.4438,-122.2681
163,i005es15348,i,005,15348,153.48,I-5,S 172nd St,47.4485,-122.2667
164,i005es15465,i,005,15465,154.65,I-5,S 154th St,47.4648,-122.2657
165,i005es15480,i,005,15480,154.8,I-5,Southcenter-NB,47.467,-122.2671
166,i005es15531,i,005,15531,155.31,I-5,S 144th St,47.4739,-122.2697
167,i005es15569,i,005,15569,155.69,I-5,SR599-SB  Lt,47.4789,-122.2715
168,i005es15608,i,005,15608,156.08,I-5,Interurban-NB,47.4846,-122.2692
169,i005es15652,i,005,15652,156.52,I-5,S 129th St,47.4898,-122.2643
170,i005es15742,i,005,15742,157.42,I-5,MLK Jr Way-NB,47.5004,-122.2747
171,i005es15792,i,005,15792,157.92,I-5,Boeing Access-NB,47.5067,-122.2805
173,i005es15845,i,005,15845,158.45,I-5,S Norfolk St,47.5135,-122.2857
174,i005es15892,i,005,15892,158.92,I-5,S Benefit St,47.5197,-122.2896
176,i005es15957,i,005,15957,159.57,I-5,S Thistle St,47.5288,-122.293
177,i005es15996,i,005,15996,159.96,I-5,S Holden St,47.5342,-122.2956
179,i005es16064,i,005,16064,160.64,I-5,S Holly St,47.5423,-122.304
181,i005es16120,i,005,16120,161.2,I-5,Swift Ave-NB,47.5485,-122.3116
182,i005es16147,i,005,16147,161.47,I-5,Michigan St-NB,47.5511,-122.3158
183,i005es16186,i,005,16186,161.86,I-5,S Pearl St,47.5562,-122.3195
184,i005es16237,i,005,16237,162.37,I-5,S Oregon St,47.5633,-122.3217
185,i005es16272,i,005,16272,162.72,I-5,Columbian Way-SB,47.5683,-122.3206
186,i005es16302,i,005,16302,163.02,I-5,S Spokane St,47.5726,-122.3198
187,i005es16319,i,005,16319,163.19,I-5,Columbian Way-NB,47.5753,-122.3197
190,i005es16466,i,005,16466,164.66,I-5,4th/Dearborn-NB,47.5961,-122.3202
191,i005es16513,i,005,16513,165.13,I-5,Yesler Way,47.6019,-122.3252
192,i005es16551,i,005,16551,165.51,I-5,Marion St,47.6068,-122.3294
193,i005es16583,i,005,16583,165.83,I-5,University St-NB,47.611,-122.3313
194,i005es16640,i,005,16640,166.4,I-5,Olive Way-NB,47.6191,-122.3282
195,i005es16704,i,005,16704,167.04,I-5,Mercer St-NB [2],47.6283,-122.3276
196,i005es16732,i,005,16732,167.32,I-5,E Galer St,47.6317,-122.3245
197,i005es16756,i,005,16756,167.56,I-5,Boylston Ave-SB,47.6349,-122.3236
198,i005es16802,i,005,16802,168.02,I-5,E Roanoke St,47.6417,-122.3233
199,i005es16831,i,005,16831,168.31,I-5,E Hamlin St,47.646,-122.3224
200,i005es16885,i,005,16885,168.85,I-5,Ship Canal Br,47.6538,-122.3226
201,i005es16920,i,005,16920,169.2,I-5,NE 42nd St  NB,47.6587,-122.3221
202,i005es16944,i,005,16944,169.44,I-5,NE 45th St-NB,47.6622,-122.3219
203,i005es16977,i,005,16977,169.77,I-5,NE 50th St-NB,47.667,-122.3217
204,i005es17025,i,005,17025,170.25,I-5,NE 63rd St,47.6739,-122.3209
205,i005es17131,i,005,17131,171.31,I-5,NE 85th St-SB,47.6878,-122.3278
206,i005es17163,i,005,17163,171.63,I-5,NE 80th St-NB,47.6923,-122.3291
207,i005es17215,i,005,17215,172.15,I-5,N 97th St,47.6998,-122.3292
208,i005es17264,i,005,17264,172.64,I-5,N 107th St-SB,47.7067,-122.33
209,i005es17289,i,005,17289,172.89,I-5,Northgate-NB,47.7103,-122.3295
210,i005es17328,i,005,17328,173.28,I-5,NE 120th St,47.7154,-122.3261
211,i005es17375,i,005,17375,173.75,I-5,NE 130th St-SB,47.722,-122.3245
212,i005es17416,i,005,17416,174.16,I-5,NE 137th St,47.728,-122.3242
213,i005es17458,i,005,17458,174.58,I-5,NE 145th St-NB,47.7341,-122.3248
214,i005es17508,i,005,17508,175.08,I-5,NE 155th St,47.7409,-122.329
215,i005es17551,i,005,17551,175.51,I-5,N Metro Base-SB,47.7468,-122.3291
216,i005es17627,i,005,17627,176.27,I-5,NE 175th St-NB,47.7576,-122.3282
217,i005es17674,i,005,17674,176.74,I-5,NE 185th St,47.7635,-122.3235
218,i005es17722,i,005,17722,177.22,I-5,NE 195th St,47.7704,-122.3214
219,i005es17774,i,005,17774,177.74,I-5,NE 205th St-SB,47.7773,-122.3181
220,i005es17826,i,005,17826,178.26,I-5,SR 104-NB,47.7847,-122.3161
221,i005es17875,i,005,17875,178.75,I-5,228th St SW,47.7917,-122.3166
222,i005es17927,i,005,17927,179.27,I-5,220th St SW-NB,47.7992,-122.3144
223,i005es17976,i,005,17976,179.76,I-5,213th St SW,47.8052,-122.3092
224,i005es18017,i,005,18017,180.17,I-5,208th St SW,47.8087,-122.3016
225,i005es18066,i,005,18066,180.66,I-5,44th Ave W-SB,47.8135,-122.2935
226,i005es18115,i,005,18115,181.15,I-5,40th Ave W,47.8175,-122.2851
227,i005es18156,i,005,18156,181.56,I-5,Ald Mall Pkwy-NB,47.8212,-122.2782
228,i005es18170,i,005,18170,181.7,I-5,196th St SW-NB,47.8225,-122.2759
229,i005es18204,i,005,18204,182.04,I-5,28th Ave W,47.8255,-122.2703
230,i005es18264,i,005,18264,182.64,I-5,Alderwood  NB,47.8319,-122.2619
231,i005es18322,i,005,18322,183.22,I-5,175th St SW,47.8401,-122.2597
232,i005es18406,i,005,18406,184.06,I-5,164th St SW-NB,47.852,-122.2563
233,i005es18449,i,005,18449,184.49,I-5,156th St SW,47.8574,-122.2518
234,i090es00302,i,090,00302,3.02,I-90,S Norman St,47.5931,-122.3118
235,i090es00341,i,090,00341,3.41,I-90,SB Rainier-EB,47.5905,-122.3056
236,i090es00359,i,090,00359,3.59,I-90,NB Rainier-EB,47.5905,-122.3016
237,i090es00430,i,090,00430,4.3,I-90,35th Ave S,47.59,-122.2864
238,i090es00454,i,090,00454,4.54,I-90,WestHighrise  EB,47.5902,-122.2809
239,i090es00549,i,090,00549,5.49,I-90,EastHighrise  EB,47.5898,-122.2603
240,i090es00595,i,090,00595,5.95,I-90,W Mercer Way-WB,47.5896,-122.2513
241,i090es00667,i,090,00667,6.67,I-90,76th Ave SE-WB,47.5898,-122.2382
242,i090es00696,i,090,00696,6.96,I-90,Isl Crest Way-WB,47.5877,-122.2327
243,i090es00720,i,090,00720,7.2,I-90,Isl Crest Way-EB,47.5862,-122.2279
244,i090es00769,i,090,00769,7.69,I-90,Shorewood Dr,47.582,-122.2195
245,i090es00805,i,090,00805,8.05,I-90,N Mercer Way  EB,47.5788,-122.2136
246,i090es00838,i,090,00838,8.38,I-90,E Mercer Way-EB,47.5782,-122.2067
247,i090es00893,i,090,00893,8.93,I-90,108th Ave SE,47.5797,-122.1955
249,i090es00961,i,090,00961,9.61,I-90,118th Ave SE,47.5797,-122.1815
250,i090es00996,i,090,00996,9.96,I-90,Richards Rd-WB,47.5802,-122.1737
251,i405es00011,i,405,00011,0.11,I-405,I-5 Interchange,47.462,-122.2627
252,i405es00044,i,405,00044,0.44,I-405,Andover Park W,47.4622,-122.2562
253,i405es00092,i,405,00092,0.92,I-405,W Valley Hwy-NB,47.4636,-122.2466
254,i405es00139,i,405,00139,1.39,I-405,Longacres Dr SW,47.4664,-122.2375
255,i405es00171,i,405,00171,1.71,I-405,Powell Ave SW,47.4672,-122.2309
256,i405es00221,i,405,00221,2.21,I-405,Rainier Ave-SB,47.4676,-122.2202
258,i405es00294,i,405,00294,2.94,I-405,Talbot Rd-NB,47.4703,-122.2055
259,i405es00342,i,405,00342,3.42,I-405,S 5th St,47.4772,-122.2037
260,i405es00391,i,405,00391,3.91,I-405,SR 169-SB,47.483,-122.1976
261,i405es00412,i,405,00412,4.12,I-405,SR 169-NB,47.4851,-122.1954
262,i405es00473,i,405,00473,4.73,I-405,Sunset Blvd-NB,47.4934,-122.1918
263,i405es00536,i,405,00536,5.36,I-405,NE Park Dr-NB,47.5018,-122.1963
264,i405es00608,i,405,00608,6.08,I-405,NE 24th St,47.5122,-122.1981
265,i405es00656,i,405,00656,6.56,I-405,NE 30th St-NB,47.5192,-122.1983
266,i405es00700,i,405,00700,7.0,I-405,NE 37th St,47.5256,-122.1977
267,i405es00745,i,405,00745,7.45,I-405,NE 44th St-NB,47.532,-122.1975
268,i405es00803,i,405,00803,8.03,I-405,SE 71st St,47.5399,-122.1948
269,i405es00840,i,405,00840,8.4,I-405,SE 64th St,47.5452,-122.1954
270,i405es00890,i,405,00890,8.9,I-405,SE 59th St,47.5523,-122.1935
271,i405es00936,i,405,00936,9.36,I-405,112th Ave SE-NB,47.5582,-122.189
272,i405es00975,i,405,00975,9.75,I-405,SE 47th St,47.5635,-122.1866
273,i405es01031,i,405,01031,10.31,I-405,Coal Crk Pkwy NB,47.5692,-122.1785
274,i405es01079,i,405,01079,10.79,I-405,SE 39th St,47.5758,-122.1748
275,i405es01128,i,405,01128,11.28,I-405,I-90 Interchange,47.5828,-122.1755
276,i405es01178,i,405,01178,11.78,I-405,SE 24th St,47.5892,-122.1799
277,i405es01228,i,405,01228,12.28,I-405,SE 17th St  NB,47.5964,-122.1799
278,i405es01290,i,405,01290,12.9,I-405,SE 8th St-NB,47.6047,-122.1852
279,i405es01331,i,405,01331,13.31,I-405,Main St  NB,47.6101,-122.1884
280,i405es01360,i,405,01360,13.6,I-405,NE 4th St-NB,47.6141,-122.1885
281,i405es01392,i,405,01392,13.92,I-405,NE 9th St,47.6188,-122.1886
282,i405es01463,i,405,01463,14.63,I-405,NE 8th St-NB,47.6291,-122.1884
284,i405es01799,i,405,01799,17.99,I-405,NE 85th St-SB,47.6774,-122.1847
285,i405es01823,i,405,01823,18.23,I-405,NE 85th St-NB,47.6811,-122.1841
286,i405es01870,i,405,01870,18.7,I-405,NE 97th St,47.6876,-122.1821
287,i405es01921,i,405,01921,19.21,I-405,NE 106th St,47.6949,-122.1804
288,i405es01971,i,405,01971,19.71,I-405,NE 116th St  NB,47.7021,-122.1794
289,i405es02022,i,405,02022,20.22,I-405,NE 124th St-SB,47.7089,-122.1821
290,i405es02047,i,405,02047,20.47,I-405,Totem Lake-NB,47.7123,-122.1837
291,i405es02136,i,405,02136,21.36,I-405,NE 140th St,47.7247,-122.1901
293,i405es02351,i,405,02351,23.51,I-405,EB SR 522-SB,47.7554,-122.1858
294,i405es02369,i,405,02369,23.69,I-405,EB SR 522-NB,47.7581,-122.1841
295,i405es02393,i,405,02393,23.93,I-405,NE 183rd St,47.7614,-122.1844
296,i405es02439,i,405,02439,24.39,I-405,NE 195th St-SB,47.7674,-122.1891
297,i405es02517,i,405,02517,25.17,I-405,242nd St SE,47.7784,-122.1927
299,i405es02687,i,405,02687,26.87,I-405,SB SR 527-NB,47.796,-122.2162
300,i405es02744,i,405,02744,27.44,I-405,216th St SE,47.8013,-122.2252
301,i405es02898,i,405,02898,28.98,I-405,Damson Rd,47.8196,-122.2419
304,i520es00104,i,520,00104,1.04,SR 520,Montlake Blvd-EB,47.6444,-122.3022
315,i520es00624,i,520,00624,6.24,SR 520,108th Ave NE-EB,47.6403,-122.197
316,i520es00684,i,520,00684,6.84,SR 520,I-405 I/C,47.6332,-122.1897
318,i520es00746,i,520,00746,7.46,SR 520,124th Ave NE-WB,47.6311,-122.1771
319,i520es00770,i,520,00770,7.7,SR 520,I-405-EB SR 520,47.6303,-122.1721
320,i520es00861,i,520,00861,8.61,SR 520,140th Ave NE,47.6298,-122.1529
321,i520es00935,i,520,00935,9.35,SR 520,148th Ave NE-EB,47.6361,-122.1402
322,i520es00972,i,520,00972,9.72,SR 520,NE 36th St,47.6401,-122.1351
